"vendor_name","vendor_postal_code","owner_org","owner_org_title","contract_value","commodity_code","commodity_type","economic_object_code","contract_date","contract_period_start","delivery_date","reporting_period","contracting_entity","commodity_type_describe","commodity_type1","GSIN.code","GSIN.Description","Commodity.Type"
"PHIRELIGHT SECURITY SOLUTIONS INC",NA,"rcmp-grc","Royal Canadian Mounted Police | Gendarmerie royale du Canada",83055,"B329","S",491,2017-07-14,2017-07-14,2018-03-31,"2017-2018-Q2","PWSOSA","Services","S","B329","Other Administrative Support Studies","Services"
"REPUBLIC ARCHITECTURE INC.","R3C","rcmp-grc","Royal Canadian Mounted Police | Gendarmerie royale du Canada",69378.75,"C211","S",473,2024-02-07,2024-02-07,2025-03-31,"2023-2024-Q4","DSOSA","Services","S","C211","Architect - Engineer Services (incl. landscaping, interior layout a","Services"
"ARCHITECTURE49 INC",NA,"rcmp-grc","Royal Canadian Mounted Police | Gendarmerie royale du Canada",43228.5,"C211","S",499,2017-12-28,2017-12-28,2018-03-02,"2017-2018-Q3","DSOSA","Services","S","C211","Architect - Engineer Services (incl. landscaping, interior layout a","Services"
"STANTEC ARCHITECTURE LIMITED","B3A","rcmp-grc","Royal Canadian Mounted Police | Gendarmerie royale du Canada",15850.45,"C219","S",499,2023-05-12,2023-05-12,2024-03-31,"2023-2024-Q1","DSOSA","Services","S","C219","Other Architect and Engineering Services","Services"
"AXON PUBLIC SAFETY CANADA INC.","M5W","rcmp-grc","Royal Canadian Mounted Police | Gendarmerie royale du Canada",424089,"D301","S",812,2023-11-24,2023-11-24,2024-10-31,"2024-2025-Q2","DC","Services","S","D301","ADP Facility Operation and Maintenance Services","Services"
"IBI GROUP PROFESSIONAL SERVICES",NA,"rcmp-grc","Royal Canadian Mounted Police | Gendarmerie royale du Canada",496689.71,"D301","S",473,2018-01-08,2018-01-08,2023-03-31,"2020-2021-Q2",NA,"Services","S","D301","ADP Facility Operation and Maintenance Services","Services"
"LEXIPOL LLC",NA,"rcmp-grc","Royal Canadian Mounted Police | Gendarmerie royale du Canada",206838.94,"D301","S",812,2023-02-07,2023-02-08,2024-02-07,"2022-2023-Q4","DC","Services","S","D301","ADP Facility Operation and Maintenance Services","Services"
"AXON PUBLIC SAFETY CANADA INC.","M5W","rcmp-grc","Royal Canadian Mounted Police | Gendarmerie royale du Canada",136431228,"D301","S",812,2024-06-28,2024-06-28,2030-10-31,"2024-2025-Q1","PWC","Services","S","D301","ADP Facility Operation and Maintenance Services","Services"
"LEXIPOL LLC",NA,"rcmp-grc","Royal Canadian Mounted Police | Gendarmerie royale du Canada",620516.82,"D301","S",812,2023-02-07,2023-02-08,2025-02-07,"2023-2024-Q4","DC","Services","S","D301","ADP Facility Operation and Maintenance Services","Services"
"LEXIPOL LLC",NA,"rcmp-grc","Royal Canadian Mounted Police | Gendarmerie royale du Canada",827355.76,"D301","S",812,2023-02-07,2023-02-08,2026-02-07,"2024-2025-Q4","DC","Services","S","D301","ADP Facility Operation and Maintenance Services","Services"
"COGENT SYSTEMS INC.",NA,"rcmp-grc","Royal Canadian Mounted Police | Gendarmerie royale du Canada",12153048.78,"D301","S",473,2012-06-28,2012-06-28,2017-06-30,"2017-2018-Q3",NA,"Services","S","D301","ADP Facility Operation and Maintenance Services","Services"
"ARCADIS PROFESSIONAL SERVICES","M4V","rcmp-grc","Royal Canadian Mounted Police | Gendarmerie royale du Canada",10215.53,"D301","S",473,2023-09-06,2023-09-06,2023-10-02,"2023-2024-Q2","DC","Services","S","D301","ADP Facility Operation and Maintenance Services","Services"
"IBI GROUP PROFESSIONAL SERVICES",NA,"rcmp-grc","Royal Canadian Mounted Police | Gendarmerie royale du Canada",11890.71,"D301","S",473,2021-07-16,2021-07-16,2021-08-31,"2021-2022-Q2",NA,"Services","S","D301","ADP Facility Operation and Maintenance Services","Services"
"ADGA GROUP CONSULTANTS INC",NA,"rcmp-grc","Royal Canadian Mounted Police | Gendarmerie royale du Canada",1220400,"D302","S",473,2018-10-01,2018-10-01,2020-09-30,"2019-2020-Q2","PWSOSA","Services","S","D302","OADP Systems Development Services","Services"
"ADGA GROUP CONSULTANTS INC","K2P","rcmp-grc","Royal Canadian Mounted Police | Gendarmerie royale du Canada",2460800,"D302","S",473,2021-09-14,2021-10-01,2024-09-30,"2023-2024-Q2","PWSOSA","Services","S","D302","OADP Systems Development Services","Services"
"I4C INFORMATION TECHNOLOGY",NA,"rcmp-grc","Royal Canadian Mounted Police | Gendarmerie royale du Canada",432225,"D302","S",473,2021-10-06,2021-12-01,2023-03-31,"2021-2022-Q3","PWSOSA","Services","S","D302","OADP Systems Development Services","Services"
"ACCENTURE INC.","K1P","rcmp-grc","Royal Canadian Mounted Police | Gendarmerie royale du Canada",4562432.31,"D302","S",473,2022-02-13,2022-02-13,2023-11-24,"2023-2024-Q2","DC","Services","S","D302","OADP Systems Development Services","Services"
"CISTEL TECHNOLOGY INC.",NA,"rcmp-grc","Royal Canadian Mounted Police | Gendarmerie royale du Canada",525992.4,"D302","S",473,2018-12-05,2018-12-05,2020-11-29,"2019-2020-Q2","PWSOSA","Services","S","D302","OADP Systems Development Services","Services"
"CISTEL TECHNOLOGY INC.","K2E","rcmp-grc","Royal Canadian Mounted Police | Gendarmerie royale du Canada",1098360.02,"D302","S",473,2022-04-25,2022-04-25,2025-07-31,"2024-2025-Q2","DSOSA","Services","S","D302","OADP Systems Development Services","Services"
"CISTEL TECHNOLOGY INC.","K2E","rcmp-grc","Royal Canadian Mounted Police | Gendarmerie royale du Canada",732240,"D302","S",473,2022-04-25,2022-04-25,2024-07-31,"2022-2023-Q1","DSOSA","Services","S","D302","OADP Systems Development Services","Services"
"ACCENTURE INC.","K1P","rcmp-grc","Royal Canadian Mounted Police | Gendarmerie royale du Canada",527936,"D302","S",473,2022-11-14,2022-11-14,2023-12-29,"2023-2024-Q3","PWC","Services","S","D302","OADP Systems Development Services","Services"
"MODIS CANADA INC","K1P","rcmp-grc","Royal Canadian Mounted Police | Gendarmerie royale du Canada",445635.84,"D302","S",473,2023-01-04,2023-01-04,2024-05-02,"2022-2023-Q4","DC","Services","S","D302","OADP Systems Development Services","Services"
"MODIS CANADA INC","K1P","rcmp-grc","Royal Canadian Mounted Police | Gendarmerie royale du Canada",277154.47,"D302","S",473,2022-11-07,2022-11-07,2024-05-02,"2023-2024-Q3","DC","Services","S","D302","OADP Systems Development Services","Services"
"D4IS SOLUTIONS INC",NA,"rcmp-grc","Royal Canadian Mounted Police | Gendarmerie royale du Canada",385560,"D302","S",473,2019-04-01,2019-04-01,2020-03-31,"2019-2020-Q1","PWSOSA","Services","S","D302","OADP Systems Development Services","Services"
"NRNS INCORPORATED","K0A","rcmp-grc","Royal Canadian Mounted Police | Gendarmerie royale du Canada",1615674,"D302","S",473,2019-01-21,2019-01-21,2024-03-31,"2023-2024-Q1","DC","Services","S","D302","OADP Systems Development Services","Services"
"COFOMO OTTAWA","K1N","rcmp-grc","Royal Canadian Mounted Police | Gendarmerie royale du Canada",303185.62,"D302","S",473,2022-12-12,2022-12-12,2023-10-10,"2023-2024-Q1","DC","Services","S","D302","OADP Systems Development Services","Services"
"S.I. SYSTEMS","K1A","rcmp-grc","Royal Canadian Mounted Police | Gendarmerie royale du Canada",448610,"D302","S",473,2024-02-27,2024-02-27,2026-01-10,"2025-2026-Q1","DC","Services","S","D302","OADP Systems Development Services","Services"
"ACCENTURE INC.","K1P","rcmp-grc","Royal Canadian Mounted Police | Gendarmerie royale du Canada",519658.89,"D302","S",473,2024-02-05,2024-02-05,2024-05-08,"2023-2024-Q4","DC","Services","S","D302","OADP Systems Development Services","Services"
"ACCENTURE INC.","K1P","rcmp-grc","Royal Canadian Mounted Police | Gendarmerie royale du Canada",235164.3,"D302","S",473,2025-02-10,2025-02-10,2025-06-06,"2024-2025-Q4","DC","Services","S","D302","OADP Systems Development Services","Services"
"ACCENTURE INC.","K1P","rcmp-grc","Royal Canadian Mounted Police | Gendarmerie royale du Canada",469910.5,"D302","S",473,2025-01-06,2025-01-06,2025-03-07,"2024-2025-Q4","DC","Services","S","D302","OADP Systems Development Services","Services"
"AKKODIS CANADA INC.","K1R","rcmp-grc","Royal Canadian Mounted Police | Gendarmerie royale du Canada",151756.74,"D302","S",473,2025-01-06,2025-01-06,2025-12-22,"2024-2025-Q4","DC","Services","S","D302","OADP Systems Development Services","Services"
"ACCENTURE INC.","K1P","rcmp-grc","Royal Canadian Mounted Police | Gendarmerie royale du Canada",119130.25,"D302","S",473,2024-03-07,2024-03-07,2024-05-31,"2023-2024-Q4","DC","Services","S","D302","OADP Systems Development Services","Services"
"CISTEL TECHNOLOGY INC.",NA,"rcmp-grc","Royal Canadian Mounted Police | Gendarmerie royale du Canada",849466.2,"D302","S",473,2017-01-30,2015-04-01,2018-03-31,"2016-2017-Q4","PWSOSA","Services","S","D302","OADP Systems Development Services","Services"
"DALIAN ENTERPRISES AND","K2P","rcmp-grc","Royal Canadian Mounted Police | Gendarmerie royale du Canada",1132938,"D302","S",473,2019-07-01,2019-07-01,2023-12-31,"2023-2024-Q1","PWSOSA","Services","S","D302","OADP Systems Development Services","Services"
"CACHE CONSULTING CORPORATION","K1P","rcmp-grc","Royal Canadian Mounted Police | Gendarmerie royale du Canada",287189.5,"D302","S",473,2025-04-01,2025-04-01,2026-03-31,"2025-2026-Q1","DC","Services","S","D302","OADP Systems Development Services","Services"
"ORANGUTECH INC",NA,"rcmp-grc","Royal Canadian Mounted Police | Gendarmerie royale du Canada",77970,"D302","S",473,2018-04-24,2018-04-24,2018-04-24,"2018-2019-Q1",NA,"Services","S","D302","OADP Systems Development Services","Services"
"AKKODIS CANADA INC.","K1P","rcmp-grc","Royal Canadian Mounted Police | Gendarmerie royale du Canada",626146.56,"D302","S",473,2024-03-06,2024-03-06,2025-05-02,"2024-2025-Q1","PWC","Services","S","D302","OADP Systems Development Services","Services"
"ACCENTURE INC.","K1P","rcmp-grc","Royal Canadian Mounted Police | Gendarmerie royale du Canada",282048,"D302","S",473,2024-04-12,2024-05-13,2024-12-31,"2024-2025-Q1","DC","Services","S","D302","OADP Systems Development Services","Services"
"THE HALIFAX COMPUTER CONSULTING",NA,"rcmp-grc","Royal Canadian Mounted Police | Gendarmerie royale du Canada",22600,"D302","S",473,2019-05-10,2019-05-10,2020-05-09,"2019-2020-Q1",NA,"Services","S","D302","OADP Systems Development Services","Services"
"HARRIS CANADA SYSTEM INC.",NA,"rcmp-grc","Royal Canadian Mounted Police | Gendarmerie royale du Canada",44436.46,"D302","S",473,2019-03-26,2019-03-26,2019-12-31,"2018-2019-Q4",NA,"Services","S","D302","OADP Systems Development Services","Services"
"MODIS CANADA INC","K1P","rcmp-grc","Royal Canadian Mounted Police | Gendarmerie royale du Canada",784093.44,"D302","S",473,2023-01-04,2023-01-04,2024-05-02,"2023-2024-Q1","DC","Services","S","D302","OADP Systems Development Services","Services"
"MODIS CANADA INC","K1P","rcmp-grc","Royal Canadian Mounted Police | Gendarmerie royale du Canada",157296,"D302","S",473,2022-11-07,2022-11-07,2023-03-31,"2022-2023-Q3","DC","Services","S","D302","OADP Systems Development Services","Services"
"CACHE CONSULTING CORPORATION","K1P","rcmp-grc","Royal Canadian Mounted Police | Gendarmerie royale du Canada",236170,"D302","S",473,2025-04-01,2025-04-01,2026-03-31,"2025-2026-Q1","DC","Services","S","D302","OADP Systems Development Services","Services"
"NRNS INCORPORATED",NA,"rcmp-grc","Royal Canadian Mounted Police | Gendarmerie royale du Canada",650880,"D302","S",473,2019-01-21,2019-01-21,2021-01-20,"2019-2020-Q3",NA,"Services","S","D302","OADP Systems Development Services","Services"
"S.I. SYSTEMS PARTNERSHIP","T2P","rcmp-grc","Royal Canadian Mounted Police | Gendarmerie royale du Canada",41010.33,"D302","S",473,2022-02-18,2022-02-18,2023-01-11,"2022-2023-Q4","DC","Services","S","D302","OADP Systems Development Services","Services"
"COFOMO OTTAWA","K1N","rcmp-grc","Royal Canadian Mounted Police | Gendarmerie royale du Canada",231496.41,"D302","S",473,2022-12-12,2022-12-12,2023-07-31,"2022-2023-Q3","DC","Services","S","D302","OADP Systems Development Services","Services"
"CISTEL TECHNOLOGY INC.",NA,"rcmp-grc","Royal Canadian Mounted Police | Gendarmerie royale du Canada",804780.58,"D302","S",473,2018-12-05,2018-12-05,2021-11-30,"2020-2021-Q3","PWSOSA","Services","S","D302","OADP Systems Development Services","Services"
"ACCENTURE INC.",NA,"rcmp-grc","Royal Canadian Mounted Police | Gendarmerie royale du Canada",203354.8,"D302","S",473,2021-05-10,2021-05-10,2021-10-29,"2021-2022-Q1",NA,"Services","S","D302","OADP Systems Development Services","Services"
"AKKODIS CANADA INC.","K1P","rcmp-grc","Royal Canadian Mounted Police | Gendarmerie royale du Canada",207962.94,"D302","S",473,2023-06-04,2023-06-04,2025-12-22,"2023-2024-Q4","DC","Services","S","D302","OADP Systems Development Services","Services"
"ORANGUTECH INC",NA,"rcmp-grc","Royal Canadian Mounted Police | Gendarmerie royale du Canada",405103.31,"D302","S",473,2018-09-10,2018-09-10,2020-03-31,"2019-2020-Q2",NA,"Services","S","D302","OADP Systems Development Services","Services"
"SYSTEMATIX IT SOLUTIONS INC.",NA,"rcmp-grc","Royal Canadian Mounted Police | Gendarmerie royale du Canada",24652.08,"D302","S",473,2018-08-27,2018-08-27,2018-08-27,"2018-2019-Q2","PWSOSA","Services","S","D302","OADP Systems Development Services","Services"
"ACCENTURE INC.",NA,"rcmp-grc","Royal Canadian Mounted Police | Gendarmerie royale du Canada",332762.4,"D302","S",491,2021-05-10,2021-05-10,2021-10-29,"2021-2022-Q1",NA,"Services","S","D302","OADP Systems Development Services","Services"
"CISTEL TECHNOLOGY INC.",NA,"rcmp-grc","Royal Canadian Mounted Police | Gendarmerie royale du Canada",442199.74,"D302","S",473,2019-02-22,2019-02-22,2020-11-29,"2019-2020-Q4","PWSOSA","Services","S","D302","OADP Systems Development Services","Services"
"CISTEL TECHNOLOGY INC.",NA,"rcmp-grc","Royal Canadian Mounted Police | Gendarmerie royale du Canada",67122,"D302","S",473,2018-12-05,2018-12-05,2019-03-31,"2018-2019-Q3","PWSOSA","Services","S","D302","OADP Systems Development Services","Services"
"ACCENTURE INC.",NA,"rcmp-grc","Royal Canadian Mounted Police | Gendarmerie royale du Canada",314275.6,"D302","S",491,2021-02-16,2021-02-16,2021-07-31,"2020-2021-Q4",NA,"Services","S","D302","OADP Systems Development Services","Services"
"CISTEL TECHNOLOGY INC.","K2E","rcmp-grc","Royal Canadian Mounted Police | Gendarmerie royale du Canada",1431834.31,"D302","S",473,2022-04-25,2022-04-25,2026-07-31,"2025-2026-Q1","DSOSA","Services","S","D302","OADP Systems Development Services","Services"
"ACCENTURE INC.","K1P","rcmp-grc","Royal Canadian Mounted Police | Gendarmerie royale du Canada",2075789.73,"D302","S",473,2023-02-20,2023-02-20,2023-08-18,"2022-2023-Q4","DC","Services","S","D302","OADP Systems Development Services","Services"
"CACHE CONSULTING CORPORATION","K1P","rcmp-grc","Royal Canadian Mounted Police | Gendarmerie royale du Canada",196145.4,"D302","S",473,2025-04-01,2025-04-01,2026-03-31,"2025-2026-Q1","DC","Services","S","D302","OADP Systems Development Services","Services"
"CACHE CONSULTING CORPORATION","K1P","rcmp-grc","Royal Canadian Mounted Police | Gendarmerie royale du Canada",266657.4,"D302","S",473,2025-04-01,2025-04-01,2026-03-31,"2025-2026-Q1","DC","Services","S","D302","OADP Systems Development Services","Services"
"DELOITTE LLP","K1P","rcmp-grc","Royal Canadian Mounted Police | Gendarmerie royale du Canada",2036814.94,"D302","S",473,2024-12-18,2025-01-02,2025-05-31,"2024-2025-Q3","DC","Services","S","D302","OADP Systems Development Services","Services"
"ORANGUTECH INC",NA,"rcmp-grc","Royal Canadian Mounted Police | Gendarmerie royale du Canada",659665.19,"D302","S",473,2019-11-22,2019-11-22,2022-03-31,"2020-2021-Q4",NA,"Services","S","D302","OADP Systems Development Services","Services"
"EVISION INC.",NA,"rcmp-grc","Royal Canadian Mounted Police | Gendarmerie royale du Canada",285980.4,"D302","S",473,2019-11-18,2019-11-18,2020-10-31,"2019-2020-Q3","PWSOSA","Services","S","D302","OADP Systems Development Services","Services"
"THE HALIFAX COMPUTER CONSULTING",NA,"rcmp-grc","Royal Canadian Mounted Police | Gendarmerie royale du Canada",271200,"D302","S",473,2019-11-01,2019-11-01,2021-05-09,"2020-2021-Q1",NA,"Services","S","D302","OADP Systems Development Services","Services"
"CACHE CONSULTING CORPORATION","K1P","rcmp-grc","Royal Canadian Mounted Police | Gendarmerie royale du Canada",287189.5,"D302","S",473,2025-04-01,2025-04-01,2026-03-31,"2025-2026-Q1","DC","Services","S","D302","OADP Systems Development Services","Services"
"ACCENTURE INC.",NA,"rcmp-grc","Royal Canadian Mounted Police | Gendarmerie royale du Canada",147894.4,"D302","S",491,2021-07-23,2021-07-26,2021-10-31,"2021-2022-Q2",NA,"Services","S","D302","OADP Systems Development Services","Services"
"CACHE CONSULTING CORPORATION","K1P","rcmp-grc","Royal Canadian Mounted Police | Gendarmerie royale du Canada",191297.7,"D302","S",473,2025-04-01,2025-04-01,2026-03-31,"2025-2026-Q1","DC","Services","S","D302","OADP Systems Development Services","Services"
"ADGA GROUP CONSULTANTS INC",NA,"rcmp-grc","Royal Canadian Mounted Police | Gendarmerie royale du Canada",630200,"D302","S",473,2021-09-14,2021-10-01,2022-09-30,"2021-2022-Q2","PWSOSA","Services","S","D302","OADP Systems Development Services","Services"
"AKKODIS CANADA INC.","K1P","rcmp-grc","Royal Canadian Mounted Police | Gendarmerie royale du Canada",105573.39,"D302","S",473,2022-07-19,2022-07-19,2023-05-02,"2023-2024-Q4","DC","Services","S","D302","OADP Systems Development Services","Services"
"COFOMO INC.","K1N","rcmp-grc","Royal Canadian Mounted Police | Gendarmerie royale du Canada",94092.09,"D302","S",473,2024-05-09,2024-05-09,2024-12-31,"2025-2026-Q1","DC","Services","S","D302","OADP Systems Development Services","Services"
"ACCENTURE INC.","K1P","rcmp-grc","Royal Canadian Mounted Police | Gendarmerie royale du Canada",516523,"D302","S",491,2023-10-23,2023-10-23,2024-05-21,"2023-2024-Q3","DC","Services","S","D302","OADP Systems Development Services","Services"
"CISTEL TECHNOLOGY INC.",NA,"rcmp-grc","Royal Canadian Mounted Police | Gendarmerie royale du Canada",663264.8,"D302","S",473,2019-08-01,2019-08-01,2021-07-31,"2020-2021-Q1","PWSOSA","Services","S","D302","OADP Systems Development Services","Services"
"ACCENTURE INC.","K1P","rcmp-grc","Royal Canadian Mounted Police | Gendarmerie royale du Canada",119130.25,"D302","S",473,2023-12-11,2023-12-11,2024-03-31,"2023-2024-Q3","DC","Services","S","D302","OADP Systems Development Services","Services"
"COFOMO INC.","K1N","rcmp-grc","Royal Canadian Mounted Police | Gendarmerie royale du Canada",94092.09,"D302","S",473,2024-05-09,2024-05-09,2024-08-30,"2024-2025-Q1","DC","Services","S","D302","OADP Systems Development Services","Services"
"CISTEL TECHNOLOGY INC.",NA,"rcmp-grc","Royal Canadian Mounted Police | Gendarmerie royale du Canada",220892.4,"D302","S",473,2019-02-22,2019-02-22,2019-11-29,"2018-2019-Q4","PWSOSA","Services","S","D302","OADP Systems Development Services","Services"
"COFOMO OTTAWA","K1N","rcmp-grc","Royal Canadian Mounted Police | Gendarmerie royale du Canada",212844.48,"D302","S",473,2023-02-22,2023-02-22,2023-10-10,"2022-2023-Q4","DC","Services","S","D302","OADP Systems Development Services","Services"
"CACHE CONSULTING CORPORATION","K1P","rcmp-grc","Royal Canadian Mounted Police | Gendarmerie royale du Canada",267471,"D302","S",473,2025-04-01,2025-04-01,2026-03-31,"2025-2026-Q1","DC","Services","S","D302","OADP Systems Development Services","Services"
"THE HALIFAX COMPUTER CONSULTING",NA,"rcmp-grc","Royal Canadian Mounted Police | Gendarmerie royale du Canada",144075,"D302","S",473,2019-10-02,2019-10-02,2020-05-09,"2019-2020-Q3",NA,"Services","S","D302","OADP Systems Development Services","Services"
"ACCENTURE INC.","K1P","rcmp-grc","Royal Canadian Mounted Police | Gendarmerie royale du Canada",166110,"D302","S",491,2023-11-27,2023-11-27,2024-03-31,"2023-2024-Q3","DC","Services","S","D302","OADP Systems Development Services","Services"
"ACCENTURE INC.",NA,"rcmp-grc","Royal Canadian Mounted Police | Gendarmerie royale du Canada",184868,"D302","S",491,2021-11-08,2021-11-08,2022-02-14,"2021-2022-Q3",NA,"Services","S","D302","OADP Systems Development Services","Services"
"CACHE CONSULTING CORPORATION","K1P","rcmp-grc","Royal Canadian Mounted Police | Gendarmerie royale du Canada",287189.5,"D302","S",473,2025-04-01,2025-04-01,2026-03-31,"2025-2026-Q1","DC","Services","S","D302","OADP Systems Development Services","Services"
"DALIAN ENTERPRISES AND",NA,"rcmp-grc","Royal Canadian Mounted Police | Gendarmerie royale du Canada",766818,"D302","S",473,2019-05-10,2019-07-01,2022-06-30,"2021-2022-Q1","PWSOSA","Services","S","D302","OADP Systems Development Services","Services"
"CACHE CONSULTING CORPORATION","K1P","rcmp-grc","Royal Canadian Mounted Police | Gendarmerie royale du Canada",267471,"D302","S",473,2025-04-01,2025-04-01,2026-03-31,"2025-2026-Q1","DC","Services","S","D302","OADP Systems Development Services","Services"
"DELOITTE LLP","K1P","rcmp-grc","Royal Canadian Mounted Police | Gendarmerie royale du Canada",3110393.67,"D302","S",473,2024-03-07,2024-03-07,2024-07-31,"2024-2025-Q1","PWC","Services","S","D302","OADP Systems Development Services","Services"
"TPG TECHNOLOGY CONSULTING LTD.","K2A","rcmp-grc","Royal Canadian Mounted Police | Gendarmerie royale du Canada",2160786,"D302","S",473,2024-12-06,2024-12-06,2025-12-05,"2024-2025-Q3","DC","Services","S","D302","OADP Systems Development Services","Services"
"TPG TECHNOLOGY CONSULTING LTD.","K2A","rcmp-grc","Royal Canadian Mounted Police | Gendarmerie royale du Canada",3035046.67,"D302","S",473,2024-12-06,2024-12-06,2026-03-31,"2024-2025-Q4","DC","Services","S","D302","OADP Systems Development Services","Services"
"DELOITTE LLP","K1P","rcmp-grc","Royal Canadian Mounted Police | Gendarmerie royale du Canada",2068924.73,"D302","S",473,2024-12-18,2025-01-02,2025-05-31,"2024-2025-Q4","DC","Services","S","D302","OADP Systems Development Services","Services"
"THE HALIFAX COMPUTER CONSULTING","K2P","rcmp-grc","Royal Canadian Mounted Police | Gendarmerie royale du Canada",871286.95,"D302","S",473,2019-10-02,2019-10-02,2023-08-09,"2023-2024-Q1","PWC","Services","S","D302","OADP Systems Development Services","Services"
"THE HALIFAX COMPUTER CONSULTING",NA,"rcmp-grc","Royal Canadian Mounted Police | Gendarmerie royale du Canada",504262.5,"D302","S",473,2019-11-01,2019-11-01,2022-03-31,"2021-2022-Q1",NA,"Services","S","D302","OADP Systems Development Services","Services"
"DELOITTE LLP","K1P","rcmp-grc","Royal Canadian Mounted Police | Gendarmerie royale du Canada",687059.81,"D302","S",473,2025-06-26,2025-06-26,2025-09-30,"2025-2026-Q1","DC","Services","S","D302","OADP Systems Development Services","Services"
"EVISION INC.",NA,"rcmp-grc","Royal Canadian Mounted Police | Gendarmerie royale du Canada",119158.5,"D302","S",473,2019-11-18,2019-11-18,2020-10-31,"2019-2020-Q4","PWSOSA","Services","S","D302","OADP Systems Development Services","Services"
"THE HALIFAX COMPUTER CONSULTING","K2P","rcmp-grc","Royal Canadian Mounted Police | Gendarmerie royale du Canada",810334.75,"D302","S",473,2019-10-02,2019-10-02,2023-05-09,"2022-2023-Q4","PWC","Services","S","D302","OADP Systems Development Services","Services"
"DELOITTE LLP","K1P","rcmp-grc","Royal Canadian Mounted Police | Gendarmerie royale du Canada",3110846.52,"D302","S",473,2024-12-18,2025-01-02,2025-05-31,"2024-2025-Q3","DC","Services","S","D302","OADP Systems Development Services","Services"
"THE HALIFAX COMPUTER CONSULTING",NA,"rcmp-grc","Royal Canadian Mounted Police | Gendarmerie royale du Canada",364990,"D302","S",473,2019-10-02,2019-10-02,2021-05-09,"2020-2021-Q1",NA,"Services","S","D302","OADP Systems Development Services","Services"
"ORANGUTECH INC",NA,"rcmp-grc","Royal Canadian Mounted Police | Gendarmerie royale du Canada",103960,"D302","S",473,2019-11-22,2019-11-22,2020-04-03,"2019-2020-Q3",NA,"Services","S","D302","OADP Systems Development Services","Services"
"COFOMO OTTAWA","K1N","rcmp-grc","Royal Canadian Mounted Police | Gendarmerie royale du Canada",397109.17,"D302","S",473,2023-02-22,2023-02-22,2023-10-10,"2022-2023-Q4","DC","Services","S","D302","OADP Systems Development Services","Services"
"CISTEL TECHNOLOGY INC.",NA,"rcmp-grc","Royal Canadian Mounted Police | Gendarmerie royale du Canada",257504.4,"D302","S",473,2018-12-05,2018-12-05,2020-11-29,"2018-2019-Q4","PWSOSA","Services","S","D302","OADP Systems Development Services","Services"
"CACHE CONSULTING CORPORATION",NA,"rcmp-grc","Royal Canadian Mounted Police | Gendarmerie royale du Canada",604776,"D302","S",473,2019-05-21,2019-05-21,2021-05-20,"2019-2020-Q1",NA,"Services","S","D302","OADP Systems Development Services","Services"
"CISTEL TECHNOLOGY INC.",NA,"rcmp-grc","Royal Canadian Mounted Police | Gendarmerie royale du Canada",792039.6,"D302","S",473,2019-02-22,2019-02-22,2021-11-30,"2020-2021-Q3","PWSOSA","Services","S","D302","OADP Systems Development Services","Services"
"ACCENTURE INC.","K1P","rcmp-grc","Royal Canadian Mounted Police | Gendarmerie royale du Canada",453808,"D302","S",473,2022-11-14,2022-11-14,2023-10-31,"2022-2023-Q3","PWC","Services","S","D302","OADP Systems Development Services","Services"
"SYSTEMATIX IT SOLUTIONS INC.","K1S","rcmp-grc","Royal Canadian Mounted Police | Gendarmerie royale du Canada",99180.1,"D302","S",473,2024-11-18,2024-11-18,2025-07-25,"2024-2025-Q3","DC","Services","S","D302","OADP Systems Development Services","Services"
"DELOITTE LLP","K1P","rcmp-grc","Royal Canadian Mounted Police | Gendarmerie royale du Canada",2619248.92,"D302","S",473,2024-12-18,2025-01-02,2025-05-31,"2024-2025-Q4","DC","Services","S","D302","OADP Systems Development Services","Services"
"DALIAN ENTERPRISES AND",NA,"rcmp-grc","Royal Canadian Mounted Police | Gendarmerie royale du Canada",244080,"D302","S",473,2019-07-01,2019-07-01,2020-06-30,"2019-2020-Q2","PWSOSA","Services","S","D302","OADP Systems Development Services","Services"
"ACCENTURE INC.","K1P","rcmp-grc","Royal Canadian Mounted Police | Gendarmerie royale du Canada",539052.38,"D302","S",473,2025-03-10,2025-03-10,2025-05-16,"2024-2025-Q4","DC","Services","S","D302","OADP Systems Development Services","Services"
"CACHE CONSULTING CORPORATION","K1P","rcmp-grc","Royal Canadian Mounted Police | Gendarmerie royale du Canada",266657.4,"D302","S",473,2025-04-01,2025-04-01,2026-03-31,"2025-2026-Q1","DC","Services","S","D302","OADP Systems Development Services","Services"
"S.I. SYSTEMS PARTNERSHIP","T2P","rcmp-grc","Royal Canadian Mounted Police | Gendarmerie royale du Canada",63908.13,"D302","S",473,2022-02-18,2022-02-18,2023-01-11,"2021-2022-Q4","DC","Services","S","D302","OADP Systems Development Services","Services"
"MODIS CANADA INC","K1P","rcmp-grc","Royal Canadian Mounted Police | Gendarmerie royale du Canada",266535.36,"D302","S",473,2022-07-19,2022-07-19,2023-05-02,"2022-2023-Q2","DC","Services","S","D302","OADP Systems Development Services","Services"
"I4C INFORMATION TECHNOLOGY","K2K","rcmp-grc","Royal Canadian Mounted Police | Gendarmerie royale du Canada",991575.01,"D302","S",473,2021-12-01,2021-12-01,2024-03-31,"2022-2023-Q4","PWSOSA","Services","S","D302","OADP Systems Development Services","Services"
"DELOITTE LLP","K1P","rcmp-grc","Royal Canadian Mounted Police | Gendarmerie royale du Canada",1144875.04,"D302","S",473,2024-10-21,2024-10-21,2024-12-31,"2024-2025-Q3","DC","Services","S","D302","OADP Systems Development Services","Services"
"ORANGUTECH INC",NA,"rcmp-grc","Royal Canadian Mounted Police | Gendarmerie royale du Canada",248175.12,"D302","S",473,2018-08-27,2018-08-27,2019-09-03,"2018-2019-Q4",NA,"Services","S","D302","OADP Systems Development Services","Services"
"AKKODIS CANADA INC.","K1P","rcmp-grc","Royal Canadian Mounted Police | Gendarmerie royale du Canada",318714.24,"D302","S",473,2024-05-16,2024-05-16,2025-05-02,"2024-2025-Q1","DC","Services","S","D302","OADP Systems Development Services","Services"
"ACCENTURE INC.","K1P","rcmp-grc","Royal Canadian Mounted Police | Gendarmerie royale du Canada",104885.48,"D302","S",473,2024-03-04,2024-03-04,2024-05-31,"2024-2025-Q1","DC","Services","S","D302","OADP Systems Development Services","Services"
"DELOITTE LLP","K1P","rcmp-grc","Royal Canadian Mounted Police | Gendarmerie royale du Canada",1909860.61,"D302","S",473,2024-07-19,2024-07-19,2024-09-20,"2024-2025-Q2","DC","Services","S","D302","OADP Systems Development Services","Services"
"ACCENTURE INC.","K1P","rcmp-grc","Royal Canadian Mounted Police | Gendarmerie royale du Canada",2465044.15,"D302","S",473,2024-04-29,2024-04-29,2024-08-20,"2024-2025-Q1","DC","Services","S","D302","OADP Systems Development Services","Services"
"AKKODIS CANADA INC.","K1P","rcmp-grc","Royal Canadian Mounted Police | Gendarmerie royale du Canada",50768.64,"D302","S",473,2024-03-06,2024-03-06,2024-05-02,"2023-2024-Q4","PWC","Services","S","D302","OADP Systems Development Services","Services"
"ACCENTURE INC.","K1P","rcmp-grc","Royal Canadian Mounted Police | Gendarmerie royale du Canada",3225443.75,"D302","S",491,2023-09-18,2023-09-18,2024-02-09,"2023-2024-Q2","PWC","Services","S","D302","OADP Systems Development Services","Services"
"ACCENTURE INC.","K1P","rcmp-grc","Royal Canadian Mounted Police | Gendarmerie royale du Canada",4422938.65,"D302","S",473,2023-03-20,2023-03-20,2023-09-30,"2022-2023-Q4","DC","Services","S","D302","OADP Systems Development Services","Services"
"ACCENTURE INC.","K1P","rcmp-grc","Royal Canadian Mounted Police | Gendarmerie royale du Canada",4992482.47,"D302","S",473,2023-02-20,2023-02-20,2024-03-31,"2023-2024-Q2","DC","Services","S","D302","OADP Systems Development Services","Services"
"ACCENTURE INC.","K1P","rcmp-grc","Royal Canadian Mounted Police | Gendarmerie royale du Canada",4885968.67,"D302","S",473,2023-02-20,2023-02-20,2024-12-31,"2023-2024-Q4","DC","Services","S","D302","OADP Systems Development Services","Services"
"CACHE CONSULTING CORPORATION","K1P","rcmp-grc","Royal Canadian Mounted Police | Gendarmerie royale du Canada",241537.5,"D302","S",473,2025-04-01,2025-04-01,2026-03-31,"2025-2026-Q1","DC","Services","S","D302","OADP Systems Development Services","Services"
"ADGA GROUP CONSULTANTS INC",NA,"rcmp-grc","Royal Canadian Mounted Police | Gendarmerie royale du Canada",1830600,"D302","S",473,2018-10-01,2018-10-01,2021-09-30,"2020-2021-Q2","PWSOSA","Services","S","D302","OADP Systems Development Services","Services"
"COFOMO OTTAWA","K1N","rcmp-grc","Royal Canadian Mounted Police | Gendarmerie royale du Canada",661631.68,"D302","S",473,2022-12-12,2022-12-12,2024-10-10,"2023-2024-Q2","DC","Services","S","D302","OADP Systems Development Services","Services"
"CISTEL TECHNOLOGY INC.","K2E","rcmp-grc","Royal Canadian Mounted Police | Gendarmerie royale du Canada",1809446.4,"D302","S",473,2022-12-01,2022-12-01,2025-11-30,"2024-2025-Q2","DC","Services","S","D302","OADP Systems Development Services","Services"
"MODIS CANADA INC","K1P","rcmp-grc","Royal Canadian Mounted Police | Gendarmerie royale du Canada",520378.56,"D302","S",473,2022-11-07,2022-11-07,2024-05-02,"2023-2024-Q2","DC","Services","S","D302","OADP Systems Development Services","Services"
"ESRI CANADA LIMITED",NA,"rcmp-grc","Royal Canadian Mounted Police | Gendarmerie royale du Canada",45058.75,"D302","S",473,2019-02-25,2019-02-25,2019-08-30,"2018-2019-Q4",NA,"Services","S","D302","OADP Systems Development Services","Services"
"S.I. SYSTEMS PARTNERSHIP","T2P","rcmp-grc","Royal Canadian Mounted Police | Gendarmerie royale du Canada",35253.06,"D302","S",473,2022-04-14,2022-05-16,2023-01-11,"2022-2023-Q1","DC","Services","S","D302","OADP Systems Development Services","Services"
"CISTEL TECHNOLOGY INC.","K2E","rcmp-grc","Royal Canadian Mounted Police | Gendarmerie royale du Canada",1206297.6,"D302","S",473,2022-12-01,2022-12-01,2024-10-31,"2022-2023-Q3","DC","Services","S","D302","OADP Systems Development Services","Services"
"NRNS INCORPORATED",NA,"rcmp-grc","Royal Canadian Mounted Police | Gendarmerie royale du Canada",325440,"D302","S",473,2019-01-21,2019-01-21,2020-01-20,"2018-2019-Q4",NA,"Services","S","D302","OADP Systems Development Services","Services"
"CISTEL TECHNOLOGY INC.",NA,"rcmp-grc","Royal Canadian Mounted Police | Gendarmerie royale du Canada",1132621.6,"D302","S",473,2015-04-01,2015-04-01,2019-03-31,"2017-2018-Q4","PWSOSA","Services","S","D302","OADP Systems Development Services","Services"
"DELOITTE LLP","K1P","rcmp-grc","Royal Canadian Mounted Police | Gendarmerie royale du Canada",1997087.27,"D302","S",473,2024-03-07,2024-03-07,2024-06-14,"2023-2024-Q4","PWC","Services","S","D302","OADP Systems Development Services","Services"
"S.I. SYSTEMS PARTNERSHIP","T2P","rcmp-grc","Royal Canadian Mounted Police | Gendarmerie royale du Canada",68289.29,"D302","S",473,2022-02-18,2022-02-18,2023-01-11,"2021-2022-Q4","DC","Services","S","D302","OADP Systems Development Services","Services"
"CISTEL TECHNOLOGY INC.",NA,"rcmp-grc","Royal Canadian Mounted Police | Gendarmerie royale du Canada",331632.4,"D302","S",473,2019-08-01,2019-08-01,2020-07-31,"2019-2020-Q2","PWSOSA","Services","S","D302","OADP Systems Development Services","Services"
"I4C INFORMATION TECHNOLOGY","K2K","rcmp-grc","Royal Canadian Mounted Police | Gendarmerie royale du Canada",1209365.56,"D302","S",473,2021-12-01,2021-12-01,2025-03-31,"2023-2024-Q4","PWSOSA","Services","S","D302","OADP Systems Development Services","Services"
"SYSTEMATIX IT SOLUTIONS INC.",NA,"rcmp-grc","Royal Canadian Mounted Police | Gendarmerie royale du Canada",313733.2,"D302","S",473,2018-10-16,2018-10-16,2019-10-15,"2018-2019-Q3","PWSOSA","Services","S","D302","OADP Systems Development Services","Services"
"ACCENTURE INC.",NA,"rcmp-grc","Royal Canadian Mounted Police | Gendarmerie royale du Canada",385449.78,"D302","S",473,2021-07-07,2021-07-07,2021-10-10,"2021-2022-Q2",NA,"Services","S","D302","OADP Systems Development Services","Services"
"ORANGUTECH INC",NA,"rcmp-grc","Royal Canadian Mounted Police | Gendarmerie royale du Canada",157409,"D302","S",473,2018-09-10,2018-09-10,2018-09-10,"2018-2019-Q2",NA,"Services","S","D302","OADP Systems Development Services","Services"
"AKKODIS CANADA INC.","K1R","rcmp-grc","Royal Canadian Mounted Police | Gendarmerie royale du Canada",145199.35,"D302","S",473,2025-05-12,2025-05-12,2025-12-22,"2025-2026-Q1","DC","Services","S","D302","OADP Systems Development Services","Services"
"NRNS INCORPORATED",NA,"rcmp-grc","Royal Canadian Mounted Police | Gendarmerie royale du Canada",105768,"D302","S",473,2018-08-28,2018-08-28,2018-12-31,"2018-2019-Q2","PWSOSA","Services","S","D302","OADP Systems Development Services","Services"
"ORANGUTECH INC",NA,"rcmp-grc","Royal Canadian Mounted Police | Gendarmerie royale du Canada",93321.05,"D302","S",473,2020-10-28,2020-10-28,2021-03-31,"2020-2021-Q3",NA,"Services","S","D302","OADP Systems Development Services","Services"
"ACCENTURE INC.",NA,"rcmp-grc","Royal Canadian Mounted Police | Gendarmerie royale du Canada",166381.2,"D302","S",491,2021-12-13,2021-12-13,2022-03-31,"2021-2022-Q3",NA,"Services","S","D302","OADP Systems Development Services","Services"
"DELOITTE LLP","K1P","rcmp-grc","Royal Canadian Mounted Police | Gendarmerie royale du Canada",1805310.75,"D302","S",473,2024-07-19,2024-07-19,2024-09-20,"2024-2025-Q2","DC","Services","S","D302","OADP Systems Development Services","Services"
"ACCENTURE INC.",NA,"rcmp-grc","Royal Canadian Mounted Police | Gendarmerie royale du Canada",175624.6,"D302","S",491,2021-09-13,2021-09-13,2021-12-31,"2021-2022-Q2",NA,"Services","S","D302","OADP Systems Development Services","Services"
"ACCENTURE INC.",NA,"rcmp-grc","Royal Canadian Mounted Police | Gendarmerie royale du Canada",135877.98,"D302","S",491,2021-09-23,2021-09-23,2021-12-03,"2021-2022-Q2",NA,"Services","S","D302","OADP Systems Development Services","Services"
"DALIAN ENTERPRISES AND",NA,"rcmp-grc","Royal Canadian Mounted Police | Gendarmerie royale du Canada",488160,"D302","S",473,2019-05-10,2019-07-01,2021-06-30,"2020-2021-Q1","PWSOSA","Services","S","D302","OADP Systems Development Services","Services"
"ACCENTURE INC.",NA,"rcmp-grc","Royal Canadian Mounted Police | Gendarmerie royale du Canada",175624.6,"D302","S",473,2019-10-14,2019-10-14,2020-03-06,"2019-2020-Q3",NA,"Services","S","D302","OADP Systems Development Services","Services"
"SAP CANADA INC.",NA,"rcmp-grc","Royal Canadian Mounted Police | Gendarmerie royale du Canada",69093.85,"D302","S",473,2021-11-15,2021-11-15,2022-11-15,"2021-2022-Q3",NA,"Services","S","D302","OADP Systems Development Services","Services"
"S.I. SYSTEMS PARTNERSHIP","T2P","rcmp-grc","Royal Canadian Mounted Police | Gendarmerie royale du Canada",22217.45,"D302","S",473,2022-02-18,2022-02-18,2023-01-11,"2022-2023-Q3","DC","Services","S","D302","OADP Systems Development Services","Services"
"ORANGUTECH INC",NA,"rcmp-grc","Royal Canadian Mounted Police | Gendarmerie royale du Canada",860689.93,"D302","S",473,2018-09-10,2018-09-10,2022-03-31,"2021-2022-Q1",NA,"Services","S","D302","OADP Systems Development Services","Services"
"ORANGUTECH INC","K1P","rcmp-grc","Royal Canadian Mounted Police | Gendarmerie royale du Canada",128733.1,"D302","S",473,2022-04-03,2022-04-03,2022-10-13,"2022-2023-Q1","DC","Services","S","D302","OADP Systems Development Services","Services"
"ORANGUTECH INC",NA,"rcmp-grc","Royal Canadian Mounted Police | Gendarmerie royale du Canada",126560,"D302","S",473,2018-08-27,2018-08-27,2019-03-31,"2018-2019-Q2",NA,"Services","S","D302","OADP Systems Development Services","Services"
"ORANGUTECH INC",NA,"rcmp-grc","Royal Canadian Mounted Police | Gendarmerie royale du Canada",276199.12,"D302","S",473,2018-08-27,2018-08-27,2019-11-29,"2019-2020-Q2",NA,"Services","S","D302","OADP Systems Development Services","Services"
"ADGA GROUP CONSULTANTS INC",NA,"rcmp-grc","Royal Canadian Mounted Police | Gendarmerie royale du Canada",610200,"D302","S",473,2018-10-01,2018-10-01,2019-09-30,"2018-2019-Q3","PWSOSA","Services","S","D302","OADP Systems Development Services","Services"
"ORANGUTECH INC",NA,"rcmp-grc","Royal Canadian Mounted Police | Gendarmerie royale du Canada",304698.85,"D302","S",473,2018-09-10,2018-09-10,2019-09-30,"2018-2019-Q4",NA,"Services","S","D302","OADP Systems Development Services","Services"
"ESRI CANADA LIMITED",NA,"rcmp-grc","Royal Canadian Mounted Police | Gendarmerie royale du Canada",85202,"D302","S",473,2019-02-25,2019-02-25,2022-03-31,"2021-2022-Q2",NA,"Services","S","D302","OADP Systems Development Services","Services"
"MODIS CANADA INC","K1P","rcmp-grc","Royal Canadian Mounted Police | Gendarmerie royale du Canada",181920.96,"D302","S",473,2022-11-07,2022-11-07,2023-05-02,"2022-2023-Q4","DC","Services","S","D302","OADP Systems Development Services","Services"
"MODIS CANADA INC","K1P","rcmp-grc","Royal Canadian Mounted Police | Gendarmerie royale du Canada",1997252.4,"D302","S",473,2022-12-07,2022-12-07,2024-03-31,"2022-2023-Q3","DC","Services","S","D302","OADP Systems Development Services","Services"
"NRNS INCORPORATED",NA,"rcmp-grc","Royal Canadian Mounted Police | Gendarmerie royale du Canada",976320,"D302","S",473,2019-01-21,2019-01-21,2022-01-20,"2020-2021-Q4",NA,"Services","S","D302","OADP Systems Development Services","Services"
"COFOMO INC.","K1N","rcmp-grc","Royal Canadian Mounted Police | Gendarmerie royale du Canada",429966.73,"D302","S",473,2023-02-22,2023-02-22,2023-11-09,"2023-2024-Q3","DC","Services","S","D302","OADP Systems Development Services","Services"
"MODIS CANADA INC","K1P","rcmp-grc","Royal Canadian Mounted Police | Gendarmerie royale du Canada",318714.24,"D302","S",473,2023-06-05,2023-06-05,2024-05-02,"2023-2024-Q1","PWC","Services","S","D302","OADP Systems Development Services","Services"
"ACCENTURE INC.","K1P","rcmp-grc","Royal Canadian Mounted Police | Gendarmerie royale du Canada",3468749.7,"D302","S",491,2023-11-22,2023-11-22,2024-04-26,"2023-2024-Q3","PWC","Services","S","D302","OADP Systems Development Services","Services"
"COFOMO INC.","K1N","rcmp-grc","Royal Canadian Mounted Police | Gendarmerie royale du Canada",203119.44,"D302","S",473,2023-11-06,2023-11-10,2024-05-31,"2023-2024-Q3","DC","Services","S","D302","OADP Systems Development Services","Services"
"ACCENTURE INC.","K1P","rcmp-grc","Royal Canadian Mounted Police | Gendarmerie royale du Canada",540083.5,"D302","S",473,2024-02-05,2024-02-05,2024-05-08,"2023-2024-Q4","DC","Services","S","D302","OADP Systems Development Services","Services"
"NRNS INCORPORATED","K0H","rcmp-grc","Royal Canadian Mounted Police | Gendarmerie royale du Canada",279110,"D302","S",473,2025-05-15,2025-05-15,2026-03-31,"2025-2026-Q1","DC","Services","S","D302","OADP Systems Development Services","Services"
"COFOMO INC.","K1N","rcmp-grc","Royal Canadian Mounted Police | Gendarmerie royale du Canada",213574.11,"D302","S",473,2024-05-09,2024-05-09,2024-12-31,"2024-2025-Q2","DC","Services","S","D302","OADP Systems Development Services","Services"
"ACCENTURE INC.","K1P","rcmp-grc","Royal Canadian Mounted Police | Gendarmerie royale du Canada",88055.25,"D302","S",473,2024-07-02,2024-07-02,2024-08-30,"2024-2025-Q2","DC","Services","S","D302","OADP Systems Development Services","Services"
"ORANGUTECH INC",NA,"rcmp-grc","Royal Canadian Mounted Police | Gendarmerie royale du Canada",52432,"D302","S",473,2018-06-01,2018-06-01,2018-06-01,"2018-2019-Q1",NA,"Services","S","D302","OADP Systems Development Services","Services"
"MODIS CANADA INC","K1P","rcmp-grc","Royal Canadian Mounted Police | Gendarmerie royale du Canada",289590.75,"D302","S",473,2022-12-07,2022-12-07,2024-03-31,"2022-2023-Q3","DC","Services","S","D302","OADP Systems Development Services","Services"
"AKKODIS CANADA INC.","K1P","rcmp-grc","Royal Canadian Mounted Police | Gendarmerie royale du Canada",349868.85,"D302","S",473,2022-12-07,2022-12-07,2025-12-22,"2023-2024-Q4","DC","Services","S","D302","OADP Systems Development Services","Services"
"ACCENTURE INC.",NA,"rcmp-grc","Royal Canadian Mounted Police | Gendarmerie royale du Canada",78568.9,"D302","S",491,2021-03-04,2021-03-04,2021-05-31,"2020-2021-Q4",NA,"Services","S","D302","OADP Systems Development Services","Services"
"ACCENTURE INC.","K1P","rcmp-grc","Royal Canadian Mounted Police | Gendarmerie royale du Canada",436010.5,"D302","S",473,2025-01-06,2025-01-06,2025-03-07,"2024-2025-Q4","DC","Services","S","D302","OADP Systems Development Services","Services"
"ORANGUTECH INC",NA,"rcmp-grc","Royal Canadian Mounted Police | Gendarmerie royale du Canada",285890,"D302","S",473,2019-11-22,2019-11-22,2020-11-30,"2020-2021-Q1",NA,"Services","S","D302","OADP Systems Development Services","Services"
"DALIAN ENTERPRISES AND","K2P","rcmp-grc","Royal Canadian Mounted Police | Gendarmerie royale du Canada",1377018,"D302","S",473,2019-07-01,2019-07-01,2024-12-31,"2023-2024-Q3","PWSOSA","Services","S","D302","OADP Systems Development Services","Services"
"CACHE CONSULTING CORPORATION","K1P","rcmp-grc","Royal Canadian Mounted Police | Gendarmerie royale du Canada",241537.5,"D302","S",473,2025-04-01,2025-04-01,2026-03-31,"2025-2026-Q1","DC","Services","S","D302","OADP Systems Development Services","Services"
"S. I. SYSTEMS",NA,"rcmp-grc","Royal Canadian Mounted Police | Gendarmerie royale du Canada",836145.56,"D307","S",473,2014-05-22,2014-05-22,2018-04-30,"2017-2018-Q4",NA,"Services","S","D307","Automated Information System Design and Integration Services","Services"
"BLOOMBERG FINANCE L.P.",NA,"rcmp-grc","Royal Canadian Mounted Police | Gendarmerie royale du Canada",155568.56,"D307","S",812,2025-06-23,2025-06-23,2026-06-22,"2025-2026-Q1","PWC","Services","S","D307","Automated Information System Design and Integration Services","Services"
"TECHNOLOGY AND BUSINESS CONSULTANTS",NA,"rcmp-grc","Royal Canadian Mounted Police | Gendarmerie royale du Canada",1057182.8,"D307","S",473,2014-02-17,2014-02-17,2019-03-29,"2018-2019-Q2","PWSOSA","Services","S","D307","Automated Information System Design and Integration Services","Services"
"S. I. SYSTEMS",NA,"rcmp-grc","Royal Canadian Mounted Police | Gendarmerie royale du Canada",771923.99,"D307","S",473,2017-05-15,2014-05-22,2017-11-22,"2017-2018-Q1",NA,"Services","S","D307","Automated Information System Design and Integration Services","Services"
"OPENFRAME TECHNOLOGIES INC",NA,"rcmp-grc","Royal Canadian Mounted Police | Gendarmerie royale du Canada",908305.58,"D308","S",473,2016-06-23,2016-06-23,2020-02-20,"2018-2019-Q4",NA,"Services","S","D308","Programming Services","Services"
"OPENFRAME TECHNOLOGIES INC",NA,"rcmp-grc","Royal Canadian Mounted Police | Gendarmerie royale du Canada",605217.09,"D308","S",473,2016-06-23,2016-06-23,2019-02-20,"2017-2018-Q4",NA,"Services","S","D308","Programming Services","Services"
"GARTNER CANADA INC.",NA,"rcmp-grc","Royal Canadian Mounted Police | Gendarmerie royale du Canada",311631.4,"D317","S",812,2019-03-27,2019-03-27,2019-04-01,"2018-2019-Q4",NA,"Services","S","D317","Automated News Services, Data Services, or Other Information Servic","Services"
"GARTNER CANADA INC.","K1Z","rcmp-grc","Royal Canadian Mounted Police | Gendarmerie royale du Canada",196879.9,"D317","S",491,2022-03-02,2022-03-02,2022-04-30,"2021-2022-Q4","DSOSA","Services","S","D317","Automated News Services, Data Services, or Other Information Servic","Services"
"GARTNER CANADA INC.","K1Z","rcmp-grc","Royal Canadian Mounted Police | Gendarmerie royale du Canada",319351.37,"D317","S",812,2022-01-28,2022-01-28,2022-03-31,"2021-2022-Q4","PWC","Services","S","D317","Automated News Services, Data Services, or Other Information Servic","Services"
"GARTNER CANADA INC.",NA,"rcmp-grc","Royal Canadian Mounted Police | Gendarmerie royale du Canada",237243.5,"D317","S",812,2018-01-02,2018-01-02,2018-03-31,"2017-2018-Q4",NA,"Services","S","D317","Automated News Services, Data Services, or Other Information Servic","Services"
"GARTNER GROUP CANADA","K1Z","rcmp-grc","Royal Canadian Mounted Police | Gendarmerie royale du Canada",52997,"D317","S",491,2025-03-31,2025-03-31,2025-03-31,"2024-2025-Q4","DC","Services","S","D317","Automated News Services, Data Services, or Other Information Servic","Services"
"GARTNER CANADA INC.",NA,"rcmp-grc","Royal Canadian Mounted Police | Gendarmerie royale du Canada",194149.82,"D317","S",473,2021-07-29,2021-07-29,2021-07-30,"2021-2022-Q2","PWSOSA","Services","S","D317","Automated News Services, Data Services, or Other Information Servic","Services"
"GARTNER CANADA INC.",NA,"rcmp-grc","Royal Canadian Mounted Police | Gendarmerie royale du Canada",325146.2,"D317","S",812,2021-03-08,2021-03-08,2021-03-31,"2020-2021-Q4",NA,"Services","S","D317","Automated News Services, Data Services, or Other Information Servic","Services"
"HUBSTREAM LLC",NA,"rcmp-grc","Royal Canadian Mounted Police | Gendarmerie royale du Canada",50516.4,"D317","S",812,2022-03-30,2022-03-30,2022-06-30,"2021-2022-Q4","DC","Services","S","D317","Automated News Services, Data Services, or Other Information Servic","Services"
"INFO-TECH RESEARCH GROUP","N6A","rcmp-grc","Royal Canadian Mounted Police | Gendarmerie royale du Canada",328136.07,"D317","S",491,2022-04-05,2022-04-05,2022-04-01,"2022-2023-Q1","PWSOSA","Services","S","D317","Automated News Services, Data Services, or Other Information Servic","Services"
"GARTNER CANADA INC.","K1Z","rcmp-grc","Royal Canadian Mounted Police | Gendarmerie royale du Canada",314128.7,"D317","S",812,2022-12-08,2022-12-08,2023-01-31,"2022-2023-Q3","PWC","Services","S","D317","Automated News Services, Data Services, or Other Information Servic","Services"
"GARTNER CANADA CO.","M5W","rcmp-grc","Royal Canadian Mounted Police | Gendarmerie royale du Canada",51161.88,"D317","S",491,2024-02-29,2024-02-29,2024-03-01,"2023-2024-Q4","PWSOSA","Services","S","D317","Automated News Services, Data Services, or Other Information Servic","Services"
"GARTNER CANADA INC.",NA,"rcmp-grc","Royal Canadian Mounted Police | Gendarmerie royale du Canada",311631.4,"D317","S",812,2020-02-03,2020-02-03,2020-03-31,"2019-2020-Q4",NA,"Services","S","D317","Automated News Services, Data Services, or Other Information Servic","Services"
"CEB INC.",NA,"rcmp-grc","Royal Canadian Mounted Police | Gendarmerie royale du Canada",49431.85,"D317","S",491,2023-03-01,2023-03-01,2024-02-29,"2022-2023-Q4","PWSOSA","Services","S","D317","Automated News Services, Data Services, or Other Information Servic","Services"
"WESTOWER COMMUNICATIONS LTD.",NA,"rcmp-grc","Royal Canadian Mounted Police | Gendarmerie royale du Canada",23606.05,"D399","S",473,2019-10-22,2019-10-22,2020-03-31,"2019-2020-Q3",NA,"Services","S","D399","Other ADP and Telecommunications Services (incl. data storage on ta","Services"
"MINISTER OF FINANCE",NA,"rcmp-grc","Royal Canadian Mounted Police | Gendarmerie royale du Canada",2235600,"D399","S",473,2017-07-05,2017-07-05,2018-03-31,"2017-2018-Q2",NA,"Services","S","D399","Other ADP and Telecommunications Services (incl. data storage on ta","Services"
"FLEMING COMMUNICATIONS INC.","K1G","rcmp-grc","Royal Canadian Mounted Police | Gendarmerie royale du Canada",10751.39,"E110","S",473,2024-01-12,2024-01-12,2024-06-14,"2023-2024-Q4","DC","Services","S","E110","Industrial Investigations, Surveys and Technical Support for Multip","Services"
"OTTAWA VALLEY VETERINARY",NA,"rcmp-grc","Royal Canadian Mounted Police | Gendarmerie royale du Canada",119656.57,"F021","S",499,2016-12-01,2016-12-01,2018-11-14,"2018-2019-Q1",NA,"Services","S","F021","Veterinary/Animal Care Services (incl. Livestock Services)","Services"
"BOREAL VETERINARY CENTRE","T5V","rcmp-grc","Royal Canadian Mounted Police | Gendarmerie royale du Canada",14136.96,"F021","S",499,2025-03-05,2025-03-05,2025-03-07,"2024-2025-Q4","DC","Services","S","F021","Veterinary/Animal Care Services (incl. Livestock Services)","Services"
"OTTAWA VALLEY VETERINARY",NA,"rcmp-grc","Royal Canadian Mounted Police | Gendarmerie royale du Canada",875750,"F021","S",499,2017-01-17,2012-06-01,2018-05-31,"2016-2017-Q4",NA,"Services","S","F021","Veterinary/Animal Care Services (incl. Livestock Services)","Services"
"OTTAWA VALLEY VETERINARY",NA,"rcmp-grc","Royal Canadian Mounted Police | Gendarmerie royale du Canada",241696.57,"F021","S",499,2016-11-08,2016-11-08,2020-11-14,"2019-2020-Q3",NA,"Services","S","F021","Veterinary/Animal Care Services (incl. Livestock Services)","Services"
"OTTAWA VALLEY VETERINARY",NA,"rcmp-grc","Royal Canadian Mounted Police | Gendarmerie royale du Canada",180676.57,"F021","S",499,2016-11-08,2016-11-08,2019-11-14,"2018-2019-Q3",NA,"Services","S","F021","Veterinary/Animal Care Services (incl. Livestock Services)","Services"
"ASSOCIATED AMBULANCE & SERVICES",NA,"rcmp-grc","Royal Canadian Mounted Police | Gendarmerie royale du Canada",31795.94,"G001","S",813,2018-08-23,2018-08-23,2018-09-08,"2018-2019-Q2",NA,"Services","S","G001","Health Care","Services"
"PROFESSIONAL MEDICAL CORP",NA,"rcmp-grc","Royal Canadian Mounted Police | Gendarmerie royale du Canada",549465.16,"G009","S",491,2014-03-13,2014-03-13,2019-03-31,"2018-2019-Q1",NA,"Services","S","G009","Other Health Services","Services"
"SCHMALZ CONSULTING LTD",NA,"rcmp-grc","Royal Canadian Mounted Police | Gendarmerie royale du Canada",1731423.89,"G009","S",491,2017-01-17,2011-09-09,2017-03-31,"2016-2017-Q4",NA,"Services","S","G009","Other Health Services","Services"
"DR. E. PETER SEVIOUR","A1A","rcmp-grc","Royal Canadian Mounted Police | Gendarmerie royale du Canada",484875,"G009","S",491,2021-03-03,2021-03-03,2024-05-31,"2023-2024-Q4","DC","Services","S","G009","Other Health Services","Services"
"PROFESSIONAL MEDICAL CORP",NA,"rcmp-grc","Royal Canadian Mounted Police | Gendarmerie royale du Canada",34960,"G009","S",491,2020-04-02,2020-04-02,2020-12-31,"2020-2021-Q2",NA,"Services","S","G009","Other Health Services","Services"
"DR. RANDOLPH BOYD RUSSELL","E3B","rcmp-grc","Royal Canadian Mounted Police | Gendarmerie royale du Canada",1009131.5,"G009","S",491,2023-02-01,2023-02-01,2025-03-31,"2023-2024-Q4","DC","Services","S","G009","Other Health Services","Services"
"ERIK N. VU MD CORP","V7L","rcmp-grc","Royal Canadian Mounted Police | Gendarmerie royale du Canada",40104.75,"G009","S",491,2023-01-27,2023-01-27,2024-03-31,"2022-2023-Q4","DC","Services","S","G009","Other Health Services","Services"
"DR. ROBERT J. DAIGLE C.P. INC.","E3B","rcmp-grc","Royal Canadian Mounted Police | Gendarmerie royale du Canada",68640,"G009","S",491,2023-02-01,2023-02-01,2024-01-31,"2022-2023-Q4","DC","Services","S","G009","Other Health Services","Services"
"PROFESSIONAL MEDICAL CORP","A1W","rcmp-grc","Royal Canadian Mounted Police | Gendarmerie royale du Canada",192144.1,"G009","S",491,2021-03-03,2021-03-03,2024-03-31,"2023-2024-Q3","DC","Services","S","G009","Other Health Services","Services"
"DR TERENCE FOGWILL",NA,"rcmp-grc","Royal Canadian Mounted Police | Gendarmerie royale du Canada",187200,"G009","S",491,2021-02-25,2021-02-25,2024-03-31,"2020-2021-Q4",NA,"Services","S","G009","Other Health Services","Services"
"DR. JAMES PAUL HICKEY",NA,"rcmp-grc","Royal Canadian Mounted Police | Gendarmerie royale du Canada",47839.98,"G009","S",491,2017-03-31,2017-03-31,2018-05-31,"2016-2017-Q4","DSOSA","Services","S","G009","Other Health Services","Services"
"KAREN MICHELLE BURKE","A1B","rcmp-grc","Royal Canadian Mounted Police | Gendarmerie royale du Canada",34137.6,"G009","S",491,2023-03-30,2023-03-30,2023-06-30,"2022-2023-Q4","DC","Services","S","G009","Other Health Services","Services"
"DR TERENCE FOGWILL",NA,"rcmp-grc","Royal Canadian Mounted Police | Gendarmerie royale du Canada",13368.75,"G009","S",491,2020-01-01,2020-01-01,2020-03-31,"2019-2020-Q4","DSOSA","Services","S","G009","Other Health Services","Services"
"PROFESSIONAL MEDICAL CORP",NA,"rcmp-grc","Royal Canadian Mounted Police | Gendarmerie royale du Canada",22548.63,"G009","S",491,2020-01-09,2020-01-09,2020-03-31,"2019-2020-Q4",NA,"Services","S","G009","Other Health Services","Services"
"DR TERENCE FOGWILL",NA,"rcmp-grc","Royal Canadian Mounted Police | Gendarmerie royale du Canada",24999,"G009","S",491,2019-04-09,2019-04-09,2019-06-30,"2019-2020-Q1",NA,"Services","S","G009","Other Health Services","Services"
"DR. E. PETER SEVIOUR",NA,"rcmp-grc","Royal Canadian Mounted Police | Gendarmerie royale du Canada",27600,"G009","S",491,2019-06-26,2019-06-26,2020-03-06,"2019-2020-Q1","DSOSA","Services","S","G009","Other Health Services","Services"
"MICHELLE BURKE",NA,"rcmp-grc","Royal Canadian Mounted Police | Gendarmerie royale du Canada",185341.09,"G009","S",491,2017-09-27,2015-10-09,2018-03-31,"2017-2018-Q2","DSOSA","Services","S","G009","Other Health Services","Services"
"DR. ROBERT J. DAIGLE",NA,"rcmp-grc","Royal Canadian Mounted Police | Gendarmerie royale du Canada",15000,"G009","S",491,2020-01-01,2020-01-01,2020-12-31,"2020-2021-Q2","DSOSA","Services","S","G009","Other Health Services","Services"
"CALIAN",NA,"rcmp-grc","Royal Canadian Mounted Police | Gendarmerie royale du Canada",18840.16,"G009","S",491,2019-01-04,2019-01-04,2019-01-31,"2018-2019-Q4",NA,"Services","S","G009","Other Health Services","Services"
"SCHMALZ CONSULTING LTD",NA,"rcmp-grc","Royal Canadian Mounted Police | Gendarmerie royale du Canada",1741458.76,"G009","S",491,2017-04-05,2011-09-09,2017-03-31,"2017-2018-Q1",NA,"Services","S","G009","Other Health Services","Services"
"DR. RANDOLPH BOYD RUSSELL",NA,"rcmp-grc","Royal Canadian Mounted Police | Gendarmerie royale du Canada",39987.5,"G009","S",491,2019-12-31,2019-12-31,2020-01-31,"2019-2020-Q3",NA,"Services","S","G009","Other Health Services","Services"
"DR. E. PETER SEVIOUR",NA,"rcmp-grc","Royal Canadian Mounted Police | Gendarmerie royale du Canada",27600,"G009","S",491,2020-01-01,2020-01-01,2020-02-29,"2019-2020-Q4","DSOSA","Services","S","G009","Other Health Services","Services"
"DR. RANDOLPH BOYD RUSSELL","E3B","rcmp-grc","Royal Canadian Mounted Police | Gendarmerie royale du Canada",531440,"G009","S",491,2023-02-01,2023-02-01,2024-01-31,"2022-2023-Q4","DC","Services","S","G009","Other Health Services","Services"
"DR TERENCE FOGWILL",NA,"rcmp-grc","Royal Canadian Mounted Police | Gendarmerie royale du Canada",60033.75,"G009","S",491,2020-04-02,2020-04-02,2021-03-31,"2020-2021-Q3",NA,"Services","S","G009","Other Health Services","Services"
"DR. A. ROY LILLY","A1W","rcmp-grc","Royal Canadian Mounted Police | Gendarmerie royale du Canada",340874.1,"G009","S",491,2021-03-03,2021-03-03,2025-06-30,"2024-2025-Q4","DC","Services","S","G009","Other Health Services","Services"
"DR. E. PETER SEVIOUR",NA,"rcmp-grc","Royal Canadian Mounted Police | Gendarmerie royale du Canada",374490,"G009","S",491,2021-03-03,2021-03-03,2024-03-31,"2022-2023-Q3",NA,"Services","S","G009","Other Health Services","Services"
"DR. A. ROY LILLY","A1W","rcmp-grc","Royal Canadian Mounted Police | Gendarmerie royale du Canada",236144.1,"G009","S",491,2021-03-03,2021-03-03,2024-08-31,"2024-2025-Q1","DC","Services","S","G009","Other Health Services","Services"
"DR. E. PETER SEVIOUR","A1A","rcmp-grc","Royal Canadian Mounted Police | Gendarmerie royale du Canada",463275,"G009","S",491,2021-03-03,2021-03-03,2024-03-31,"2022-2023-Q4","DC","Services","S","G009","Other Health Services","Services"
"DR. E. PETER SEVIOUR","A1A","rcmp-grc","Royal Canadian Mounted Police | Gendarmerie royale du Canada",648975,"G009","S",491,2021-03-03,2021-03-03,2025-06-30,"2024-2025-Q4","DC","Services","S","G009","Other Health Services","Services"
"DR. A. ROY LILLY","A1W","rcmp-grc","Royal Canadian Mounted Police | Gendarmerie royale du Canada",210144.1,"G009","S",491,2021-03-03,2021-03-03,2024-05-31,"2023-2024-Q4","DC","Services","S","G009","Other Health Services","Services"
"DR. E. PETER SEVIOUR","A1A","rcmp-grc","Royal Canadian Mounted Police | Gendarmerie royale du Canada",509835,"G009","S",491,2021-03-03,2021-03-03,2024-08-31,"2024-2025-Q1","DC","Services","S","G009","Other Health Services","Services"
"DR. A. ROY LILLY","A1W","rcmp-grc","Royal Canadian Mounted Police | Gendarmerie royale du Canada",254144.1,"G009","S",491,2021-03-03,2021-03-03,2024-10-31,"2024-2025-Q2","DC","Services","S","G009","Other Health Services","Services"
"DR. RANDOLPH BOYD RUSSELL",NA,"rcmp-grc","Royal Canadian Mounted Police | Gendarmerie royale du Canada",1399200,"G009","S",491,2015-10-08,2015-10-08,2019-12-31,"2019-2020-Q3",NA,"Services","S","G009","Other Health Services","Services"
"CALIAN","K2V","rcmp-grc","Royal Canadian Mounted Police | Gendarmerie royale du Canada",900467.11,"G009","S",491,2024-08-12,2024-08-12,2027-03-31,"2024-2025-Q2","DC","Services","S","G009","Other Health Services","Services"
"DR. ROBERT J. DAIGLE",NA,"rcmp-grc","Royal Canadian Mounted Police | Gendarmerie royale du Canada",64850,"G009","S",491,2020-01-01,2020-01-01,2021-12-31,"2020-2021-Q3","DSOSA","Services","S","G009","Other Health Services","Services"
"DR. BRAD KELLN",NA,"rcmp-grc","Royal Canadian Mounted Police | Gendarmerie royale du Canada",11450,"G009","S",491,2014-06-01,2014-06-01,2021-03-31,"2020-2021-Q1",NA,"Services","S","G009","Other Health Services","Services"
"PROFESSIONAL MEDICAL CORP",NA,"rcmp-grc","Royal Canadian Mounted Police | Gendarmerie royale du Canada",24999,"G009","S",491,2019-04-09,2019-04-09,2019-09-30,"2019-2020-Q1",NA,"Services","S","G009","Other Health Services","Services"
"DR. ROBERT J. DAIGLE C.P. INC.","E3B","rcmp-grc","Royal Canadian Mounted Police | Gendarmerie royale du Canada",107380,"G009","S",491,2023-02-01,2023-02-01,2025-01-31,"2023-2024-Q4","DC","Services","S","G009","Other Health Services","Services"
"DR. RANDOLPH BOYD RUSSELL","E3B","rcmp-grc","Royal Canadian Mounted Police | Gendarmerie royale du Canada",1559291.47,"G009","S",491,2023-02-01,2023-02-01,2026-01-31,"2024-2025-Q4","DC","Services","S","G009","Other Health Services","Services"
"DR TERENCE FOGWILL",NA,"rcmp-grc","Royal Canadian Mounted Police | Gendarmerie royale du Canada",45600,"G009","S",491,2020-04-02,2020-04-02,2020-12-31,"2020-2021-Q2",NA,"Services","S","G009","Other Health Services","Services"
"DR. ROBERT J. DAIGLE C.P. INC.","E3B","rcmp-grc","Royal Canadian Mounted Police | Gendarmerie royale du Canada",152140,"G009","S",491,2023-02-01,2023-02-01,2026-01-31,"2024-2025-Q4","DC","Services","S","G009","Other Health Services","Services"
"DR TERENCE FOGWILL",NA,"rcmp-grc","Royal Canadian Mounted Police | Gendarmerie royale du Canada",24000,"G009","S",491,2020-04-02,2020-04-02,2020-08-31,"2020-2021-Q1",NA,"Services","S","G009","Other Health Services","Services"
"DR TERENCE FOGWILL",NA,"rcmp-grc","Royal Canadian Mounted Police | Gendarmerie royale du Canada",19320,"G009","S",491,2019-11-12,2019-11-12,2020-03-31,"2019-2020-Q3","DSOSA","Services","S","G009","Other Health Services","Services"
"ERIK N. VU MD CORP","V7L","rcmp-grc","Royal Canadian Mounted Police | Gendarmerie royale du Canada",399000,"G009","S",491,2025-04-01,2025-04-01,2027-03-31,"2025-2026-Q1","DC","Services","S","G009","Other Health Services","Services"
"DR. E. PETER SEVIOUR",NA,"rcmp-grc","Royal Canadian Mounted Police | Gendarmerie royale du Canada",11902.5,"G009","S",491,2020-03-01,2020-03-01,2020-03-31,"2019-2020-Q4","DSOSA","Services","S","G009","Other Health Services","Services"
"DR. E. PETER SEVIOUR",NA,"rcmp-grc","Royal Canadian Mounted Police | Gendarmerie royale du Canada",24999,"G009","S",491,2019-04-09,2019-04-09,2019-06-30,"2019-2020-Q1",NA,"Services","S","G009","Other Health Services","Services"
"PROFESSIONAL MEDICAL CORP",NA,"rcmp-grc","Royal Canadian Mounted Police | Gendarmerie royale du Canada",18400,"G009","S",491,2020-04-02,2020-04-02,2020-08-30,"2020-2021-Q1",NA,"Services","S","G009","Other Health Services","Services"
"PROFESSIONAL MEDICAL CORP",NA,"rcmp-grc","Royal Canadian Mounted Police | Gendarmerie royale du Canada",46000,"G009","S",491,2020-04-02,2020-04-02,2021-03-31,"2020-2021-Q3",NA,"Services","S","G009","Other Health Services","Services"
"PROFESSIONAL MEDICAL CORP",NA,"rcmp-grc","Royal Canadian Mounted Police | Gendarmerie royale du Canada",151840,"G009","S",491,2021-03-03,2021-03-03,2024-03-31,"2020-2021-Q4",NA,"Services","S","G009","Other Health Services","Services"
"DR. RANDOLPH BOYD RUSSELL",NA,"rcmp-grc","Royal Canadian Mounted Police | Gendarmerie royale du Canada",1499783.99,"G009","S",491,2020-02-01,2020-02-01,2023-01-31,"2019-2020-Q4",NA,"Services","S","G009","Other Health Services","Services"
"DR. E. PETER SEVIOUR","A1A","rcmp-grc","Royal Canadian Mounted Police | Gendarmerie royale du Canada",531435,"G009","S",491,2021-03-03,2021-03-03,2024-10-31,"2024-2025-Q2","DC","Services","S","G009","Other Health Services","Services"
"ERIK N. VU MD CORP","V7L","rcmp-grc","Royal Canadian Mounted Police | Gendarmerie royale du Canada",164145.45,"G009","S",491,2023-01-27,2023-01-27,2024-03-31,"2023-2024-Q1","DC","Services","S","G009","Other Health Services","Services"
"DR TERENCE FOGWILL",NA,"rcmp-grc","Royal Canadian Mounted Police | Gendarmerie royale du Canada",19320,"G009","S",491,2019-07-01,2019-07-01,2020-03-31,"2019-2020-Q2","DSOSA","Services","S","G009","Other Health Services","Services"
"S. MARGARET GRANT",NA,"rcmp-grc","Royal Canadian Mounted Police | Gendarmerie royale du Canada",68999.8,"G103","S",491,2018-08-30,2018-08-30,2019-03-31,"2018-2019-Q2",NA,"Services","S","G103","Social Rehabilitation Services","Services"
"GFL ENVIRONMENTAL INC.","S7K","rcmp-grc","Royal Canadian Mounted Police | Gendarmerie royale du Canada",21001.05,"M190","S",499,2022-12-12,2022-12-12,2023-03-31,"2022-2023-Q3","DSOSA","Services","S","M190","Other Buildings","Services"
"ALTIS RECRUITMENT &","K1P","rcmp-grc","Royal Canadian Mounted Police | Gendarmerie royale du Canada",79210.74,"R010","S",473,2023-10-23,2023-10-23,2024-03-29,"2023-2024-Q3","DC","Services","S","R010","Auditing Services","Services"
"1270665 ONTARIO INC.","K1H","rcmp-grc","Royal Canadian Mounted Police | Gendarmerie royale du Canada",16950,"R010","S",491,2025-02-10,2025-02-10,2025-05-31,"2024-2025-Q4","DC","Services","S","R010","Auditing Services","Services"
"T.E.S. CONTRACT SERVICES INC.","K2H","rcmp-grc","Royal Canadian Mounted Police | Gendarmerie royale du Canada",263475.32,"R201","S",473,2022-03-10,2022-03-14,2023-01-11,"2021-2022-Q4","DSOSA","Services","S","R201","Civilian Personnel Recruitment (inc. Services of Employment Agencie","Services"
"ORANGUTECH INC",NA,"rcmp-grc","Royal Canadian Mounted Police | Gendarmerie royale du Canada",1150227,"R201","S",473,2021-09-14,2021-09-29,2022-08-31,"2021-2022-Q2","PWSOSA","Services","S","R201","Civilian Personnel Recruitment (inc. Services of Employment Agencie","Services"
"GFL ENVIRONMENTAL INC.",NA,"rcmp-grc","Royal Canadian Mounted Police | Gendarmerie royale du Canada",198975,"S099","S",499,2017-05-30,2017-06-01,2021-05-31,"2019-2020-Q4",NA,"Services","S","S099","Other Utilities","Services"
"GFL ENVIRONMENTAL INC.",NA,"rcmp-grc","Royal Canadian Mounted Police | Gendarmerie royale du Canada",94500,"S099","S",499,2017-05-30,2017-06-01,2021-05-31,"2017-2018-Q1",NA,"Services","S","S099","Other Utilities","Services"
"GFL ENVIRONMENTAL INC.",NA,"rcmp-grc","Royal Canadian Mounted Police | Gendarmerie royale du Canada",105000,"S099","S",499,2017-05-30,2017-06-01,2021-05-31,"2017-2018-Q4",NA,"Services","S","S099","Other Utilities","Services"
"BANFIELD-SEGUIN LTD.","K1Y","rcmp-grc","Royal Canadian Mounted Police | Gendarmerie royale du Canada",150982.13,"T001","S",491,2022-11-16,2022-11-08,2023-03-31,"2022-2023-Q3","DSOSA","Services","S","T001","Market Research and Public Opinion Services (Formerly Telephone and","Services"
"COSSETTE COMMUNICATION INC.","H3B","rcmp-grc","Royal Canadian Mounted Police | Gendarmerie royale du Canada",107350,"T001","S",491,2022-11-09,2022-11-07,2023-03-31,"2022-2023-Q3","DSOSA","Services","S","T001","Market Research and Public Opinion Services (Formerly Telephone and","Services"
"Sarah Herr PUBLIVATE INC","N7L","rcmp-grc","Royal Canadian Mounted Police | Gendarmerie royale du Canada",176575.44,"T001","S",491,2022-02-10,2022-02-10,2023-06-30,"2022-2023-Q4","PWC","Services","S","T001","Market Research and Public Opinion Services (Formerly Telephone and","Services"
"Sarah Herr PUBLIVATE INC","N7L","rcmp-grc","Royal Canadian Mounted Police | Gendarmerie royale du Canada",73382.5,"T001","S",491,2022-02-10,2022-02-10,2023-01-31,"2021-2022-Q4","PWC","Services","S","T001","Market Research and Public Opinion Services (Formerly Telephone and","Services"
"Sarah Herr PUBLIVATE INC","N7L","rcmp-grc","Royal Canadian Mounted Police | Gendarmerie royale du Canada",261884.07,"T001","S",491,2022-02-10,2022-02-10,2024-03-31,"2023-2024-Q3","PWC","Services","S","T001","Market Research and Public Opinion Services (Formerly Telephone and","Services"
"BABEL STREET",NA,"rcmp-grc","Royal Canadian Mounted Police | Gendarmerie royale du Canada",94190.9,"T004","S",812,2023-03-28,2023-03-28,2024-03-27,"2022-2023-Q4","PWSOSA","Services","S","T004","Public Relations Services (incl. Writing Services, Event Planning a","Services"
"BABEL STREET",NA,"rcmp-grc","Royal Canadian Mounted Police | Gendarmerie royale du Canada",239616.24,"T004","S",812,2025-05-27,2025-05-31,2026-05-30,"2025-2026-Q1","PWSOSA","Services","S","T004","Public Relations Services (incl. Writing Services, Event Planning a","Services"
"BABEL STREET",NA,"rcmp-grc","Royal Canadian Mounted Police | Gendarmerie royale du Canada",47923.25,"T004","S",812,2025-05-28,2025-05-28,2026-05-27,"2025-2026-Q1","PWSOSA","Services","S","T004","Public Relations Services (incl. Writing Services, Event Planning a","Services"
"BABEL STREET",NA,"rcmp-grc","Royal Canadian Mounted Police | Gendarmerie royale du Canada",100849.15,"T004","S",812,2025-03-28,2025-03-28,2026-03-27,"2024-2025-Q4","PWSOSA","Services","S","T004","Public Relations Services (incl. Writing Services, Event Planning a","Services"
"BABEL STREET",NA,"rcmp-grc","Royal Canadian Mounted Police | Gendarmerie royale du Canada",84959.84,"T004","S",812,2025-03-02,2025-03-04,2026-03-03,"2024-2025-Q4","PWSOSA","Services","S","T004","Public Relations Services (incl. Writing Services, Event Planning a","Services"
"BABEL STREET",NA,"rcmp-grc","Royal Canadian Mounted Police | Gendarmerie royale du Canada",24040.12,"T004","S",812,2025-05-27,2025-06-22,2026-06-21,"2025-2026-Q1","PWSOSA","Services","S","T004","Public Relations Services (incl. Writing Services, Event Planning a","Services"
"BABEL STREET",NA,"rcmp-grc","Royal Canadian Mounted Police | Gendarmerie royale du Canada",100956.11,"T004","S",812,2025-03-02,2025-03-04,2026-03-03,"2024-2025-Q4","PWSOSA","Services","S","T004","Public Relations Services (incl. Writing Services, Event Planning a","Services"
"BABEL STREET",NA,"rcmp-grc","Royal Canadian Mounted Police | Gendarmerie royale du Canada",199730.72,"T004","S",812,2025-02-15,2025-02-15,2026-02-14,"2024-2025-Q4","PWSOSA","Services","S","T004","Public Relations Services (incl. Writing Services, Event Planning a","Services"
"BABEL STREET",NA,"rcmp-grc","Royal Canadian Mounted Police | Gendarmerie royale du Canada",49569.87,"T004","S",812,2025-02-20,2025-02-20,2026-02-19,"2024-2025-Q4","PWSOSA","Services","S","T004","Public Relations Services (incl. Writing Services, Event Planning a","Services"
"BABEL STREET",NA,"rcmp-grc","Royal Canadian Mounted Police | Gendarmerie royale du Canada",193473.49,"T004","S",812,2025-01-07,2025-01-07,2026-01-06,"2024-2025-Q4","PWSOSA","Services","S","T004","Public Relations Services (incl. Writing Services, Event Planning a","Services"
"BABEL STREET",NA,"rcmp-grc","Royal Canadian Mounted Police | Gendarmerie royale du Canada",72915.75,"T004","S",812,2024-10-30,2024-11-02,2025-11-01,"2024-2025-Q3","PWSOSA","Services","S","T004","Public Relations Services (incl. Writing Services, Event Planning a","Services"
"BABEL STREET",NA,"rcmp-grc","Royal Canadian Mounted Police | Gendarmerie royale du Canada",230517.02,"T004","S",812,2024-05-27,2024-05-31,2025-05-30,"2024-2025-Q1","PWSOSA","Services","S","T004","Public Relations Services (incl. Writing Services, Event Planning a","Services"
"BABEL STREET",NA,"rcmp-grc","Royal Canadian Mounted Police | Gendarmerie royale du Canada",68755.69,"T004","S",812,2024-03-06,2024-03-28,2025-03-26,"2023-2024-Q4","PWSOSA","Services","S","T004","Public Relations Services (incl. Writing Services, Event Planning a","Services"
"BABEL STREET",NA,"rcmp-grc","Royal Canadian Mounted Police | Gendarmerie royale du Canada",22665.77,"T004","S",812,2024-01-31,2024-02-01,2025-01-31,"2023-2024-Q4","PWSOSA","Services","S","T004","Public Relations Services (incl. Writing Services, Event Planning a","Services"
"BABEL STREET",NA,"rcmp-grc","Royal Canadian Mounted Police | Gendarmerie royale du Canada",181326.15,"T004","S",812,2024-01-31,2024-02-15,2025-02-14,"2023-2024-Q4","PWSOSA","Services","S","T004","Public Relations Services (incl. Writing Services, Event Planning a","Services"
"BABEL STREET",NA,"rcmp-grc","Royal Canadian Mounted Police | Gendarmerie royale du Canada",69969.11,"T004","S",812,2023-10-31,2023-11-02,2024-11-01,"2023-2024-Q3","PWSOSA","Services","S","T004","Public Relations Services (incl. Writing Services, Event Planning a","Services"
"BABEL STREET",NA,"rcmp-grc","Royal Canadian Mounted Police | Gendarmerie royale du Canada",67466.44,"T004","S",812,2023-12-20,2024-01-04,2025-01-03,"2023-2024-Q3","PWSOSA","Services","S","T004","Public Relations Services (incl. Writing Services, Event Planning a","Services"
"BABEL STREET",NA,"rcmp-grc","Royal Canadian Mounted Police | Gendarmerie royale du Canada",46861.79,"T004","S",812,2023-11-02,2023-11-02,2024-11-01,"2023-2024-Q3","PWSOSA","Services","S","T004","Public Relations Services (incl. Writing Services, Event Planning a","Services"
"BABEL STREET",NA,"rcmp-grc","Royal Canadian Mounted Police | Gendarmerie royale du Canada",235632.73,"T004","S",812,2023-05-31,2023-05-31,2024-05-30,"2023-2024-Q1","PWSOSA","Services","S","T004","Public Relations Services (incl. Writing Services, Event Planning a","Services"
"BABEL STREET",NA,"rcmp-grc","Royal Canadian Mounted Police | Gendarmerie royale du Canada",22193.88,"T004","S",812,2023-06-22,2023-06-22,2024-06-21,"2023-2024-Q1","PWSOSA","Services","S","T004","Public Relations Services (incl. Writing Services, Event Planning a","Services"
"BABEL STREET",NA,"rcmp-grc","Royal Canadian Mounted Police | Gendarmerie royale du Canada",222101.75,"T004","S",812,2023-05-31,2023-05-31,2024-05-30,"2023-2024-Q1","PWSOSA","Services","S","T004","Public Relations Services (incl. Writing Services, Event Planning a","Services"
"BABEL STREET",NA,"rcmp-grc","Royal Canadian Mounted Police | Gendarmerie royale du Canada",185147.92,"T004","S",812,2023-01-26,2023-02-15,2024-02-14,"2022-2023-Q4","PWSOSA","Services","S","T004","Public Relations Services (incl. Writing Services, Event Planning a","Services"
"BABEL STREET",NA,"rcmp-grc","Royal Canadian Mounted Police | Gendarmerie royale du Canada",70642.78,"T004","S",812,2022-11-02,2022-11-02,2023-11-01,"2022-2023-Q3","PWSOSA","Services","S","T004","Public Relations Services (incl. Writing Services, Event Planning a","Services"
"BABEL STREET",NA,"rcmp-grc","Royal Canadian Mounted Police | Gendarmerie royale du Canada",212933.94,"T004","S",812,2022-05-30,2022-05-31,2022-05-31,"2022-2023-Q1","DSOSA","Services","S","T004","Public Relations Services (incl. Writing Services, Event Planning a","Services"
"BABEL STREET",NA,"rcmp-grc","Royal Canadian Mounted Police | Gendarmerie royale du Canada",21130.77,"T004","S",812,2022-03-28,2022-03-28,2023-03-27,"2021-2022-Q4","PWSOSA","Services","S","T004","Public Relations Services (incl. Writing Services, Event Planning a","Services"
"BABEL STREET",NA,"rcmp-grc","Royal Canadian Mounted Police | Gendarmerie royale du Canada",84523.09,"T004","S",812,2022-03-24,2022-03-28,2023-03-27,"2021-2022-Q4","PWSOSA","Services","S","T004","Public Relations Services (incl. Writing Services, Event Planning a","Services"
"BABEL STREET",NA,"rcmp-grc","Royal Canadian Mounted Police | Gendarmerie royale du Canada",171594.47,"T004","S",812,2022-02-15,2022-02-15,2023-02-14,"2021-2022-Q4","PWSOSA","Services","S","T004","Public Relations Services (incl. Writing Services, Event Planning a","Services"
"BABEL STREET",NA,"rcmp-grc","Royal Canadian Mounted Police | Gendarmerie royale du Canada",23051.7,"T004","S",812,2024-05-27,2024-06-22,2025-06-21,"2024-2025-Q1","PWSOSA","Services","S","T004","Public Relations Services (incl. Writing Services, Event Planning a","Services"
"BABEL STREET",NA,"rcmp-grc","Royal Canadian Mounted Police | Gendarmerie royale du Canada",80322.92,"T004","S",812,2021-12-22,2022-01-04,2023-01-03,"2021-2022-Q3","PWSOSA","Services","S","T004","Public Relations Services (incl. Writing Services, Event Planning a","Services"
"BABEL STREET",NA,"rcmp-grc","Royal Canadian Mounted Police | Gendarmerie royale du Canada",75364.75,"T004","S",812,2024-12-20,2025-01-04,2026-01-03,"2024-2025-Q3","PWSOSA","Services","S","T004","Public Relations Services (incl. Writing Services, Event Planning a","Services"
"BABEL STREET",NA,"rcmp-grc","Royal Canadian Mounted Police | Gendarmerie royale du Canada",94601.32,"T004","S",812,2022-12-21,2022-12-21,2023-01-04,"2022-2023-Q3","PWSOSA","Services","S","T004","Public Relations Services (incl. Writing Services, Event Planning a","Services"
"Ryan/Smith Design Associates Inc.","K1Y","rcmp-grc","Royal Canadian Mounted Police | Gendarmerie royale du Canada",10729.35,"T005","S",473,2022-06-02,2022-06-02,2022-09-30,"2022-2023-Q1","PWSOSA","Services","S","T005","Arts/Graphics Services","Services"
"UNIVERSITY OF REGINA",NA,"rcmp-grc","Royal Canadian Mounted Police | Gendarmerie royale du Canada",24000,"U006","S",491,2017-03-16,2017-03-16,2017-03-31,"2016-2017-Q4",NA,"Services","S","U006","Vocational/Technical","Services"
"UNIVERSITY OF REGINA",NA,"rcmp-grc","Royal Canadian Mounted Police | Gendarmerie royale du Canada",24300,"U006","S",491,2017-10-31,2017-10-31,2018-01-31,"2017-2018-Q3",NA,"Services","S","U006","Vocational/Technical","Services"
"UNIVERSITY OF REGINA",NA,"rcmp-grc","Royal Canadian Mounted Police | Gendarmerie royale du Canada",24600,"U006","S",491,2018-12-27,2018-12-27,2019-02-15,"2018-2019-Q3",NA,"Services","S","U006","Vocational/Technical","Services"
"UNIVERSITY OF REGINA",NA,"rcmp-grc","Royal Canadian Mounted Police | Gendarmerie royale du Canada",26040,"U006","S",491,2018-10-12,2018-10-12,2018-12-30,"2018-2019-Q3",NA,"Services","S","U006","Vocational/Technical","Services"
"DRS. JAMES CONSULTING LLC",NA,"rcmp-grc","Royal Canadian Mounted Police | Gendarmerie royale du Canada",26842.2,"U008","S",491,2023-08-10,2023-08-10,2025-03-31,"2023-2024-Q2","DC","Services","S","U008","Training/Curriculum Development","Services"
"CAMPION COLLEGE",NA,"rcmp-grc","Royal Canadian Mounted Police | Gendarmerie royale du Canada",23625,"U008","S",491,2017-03-16,2017-03-16,2017-03-31,"2016-2017-Q4",NA,"Services","S","U008","Training/Curriculum Development","Services"
"SHIFT PEOPLE DEVELOPMENT INC",NA,"rcmp-grc","Royal Canadian Mounted Police | Gendarmerie royale du Canada",22080,"U008","S",491,2021-03-16,2021-03-16,2022-03-31,"2020-2021-Q4",NA,"Services","S","U008","Training/Curriculum Development","Services"
"SHIFT PEOPLE DEVELOPMENT INC","A1E","rcmp-grc","Royal Canadian Mounted Police | Gendarmerie royale du Canada",16387.5,"U008","S",491,2022-07-27,2022-07-27,2023-03-31,"2022-2023-Q2","DC","Services","S","U008","Training/Curriculum Development","Services"
"ASSOCIATION OF CANADIAN FINANCIAL",NA,"rcmp-grc","Royal Canadian Mounted Police | Gendarmerie royale du Canada",11500,"U008","S",491,2020-12-15,2020-12-15,2021-02-16,"2020-2021-Q3",NA,"Services","S","U008","Training/Curriculum Development","Services"
"LANSDOWNE TECHNOLOGIES INC",NA,"rcmp-grc","Royal Canadian Mounted Police | Gendarmerie royale du Canada",10259.55,"U099","S",491,2020-01-23,2020-01-23,2020-03-31,"2019-2020-Q4","PWSOSA","Services","S","U099","Other Education and Training Services","Services"
"GARTNER CANADA INC.","K1Z","rcmp-grc","Royal Canadian Mounted Police | Gendarmerie royale du Canada",491512.32,"U099","S",491,2024-06-03,2024-06-03,2024-06-30,"2024-2025-Q1","PWC","Services","S","U099","Other Education and Training Services","Services"
